Name,Color 1,Color 2,Color 3,Color 4
Rosettes and Cream,#EF7C8E,#FAE8E0,#B6E2D3,#D8A7B1
Rosy Flamingo,#E8B4B8,#EED6D3,#A49393,#67595E
Summer Splash,#05445E,#189AB4,#75E6DA,#D4F1F4
Pastel Dreams,#FBE7C6,#B4F8C8,#A0E7E5,#FFAEBC
Room for Comfort,#E7D2CC,#B9B7BD,#868B8E,#EEEDE7
The Deep Blue,#050A30,#000C66,#0000FF,#7EC8E3
Emerald Entrance,#B68D40,#F4EBD0,#122620,#D6AD60
Mermaid Lagoon,#145DA0,#0C2D48,#2E8BC0,#B1D4E0
Retro Punch,#2FF3E0,#F8D210,#FA26A0,#F51720
Healthy Leaves,#3D550C,#81B622,#ECF87F,#59981A
Right on Time,#F6EEE0,#E4B7A0,#A45C40,#C38370
Window Tide,#41729F,#5885AF,#274472,#C3E0E5
Padlocked Doors,#B99095,#FCB5AC,#B5E5CF,#3D5B59
Salmon Sushi,#E7F2F8,#74BDCB,#FFA384,#EFE7BC
Thwarted Summer Shower,#BCECE0,#36EEE0,#F652A0,#4C5270
Scooping Ice Cream,#E4D4C8,#D0B49F,#A47551,#523A28
Sweet Cotton Sugar,#EFEBE0,#FB8DA0,#FB6B90,#FB4570
Easter Egg Nest,#BBE7FE,#D3B5E5,#FFD4DB,#EFF1DB
Bright Lights,#68BBE3,#0E86D4,#055C9D,#003060
Afternoon Sinkers,#FFC2C7,#B6E5D8,#FBE5C8,#8FDDE7
Cheeky Marguerita,#0A7029,#FEDE00,#C8DF52,#DBE8D8
Water Foam,#DDFFE7,#98D7C2,#167D7F,#29A0B1
Pastel Blonde,#FFF4BD,#F4B9B8,#85D2D0,#887BB0
Rocks and Barefoot,#EDE7DC,#DCD2CC,#CCAFA5,#BDC3CB
Everything Nice,#603F8B,#B4FEE7,#A16AE8,#FD49A0
Clusters of Beauty,#D48C70,#F4B9B8,#EBBBB0,#E98980
Green Blaze,#76B947,#B1D8B7,#2F5233,#94C973
Under the Ferns,#116530,#21B6A8,#A3EBB1,#18A558
Rosy Afters,#FFC5D0,#F7D6D0,#FB6090,#821D30
Icy Gradient,#EEB5EB,#C26DBC,#C8F4F9,#3CACAE
Soft in Hue,#F8C0C8,#EFE7D3,#D3BBDD,#ECE3F0
San Francisco Clouded,#4297A0,#F4EAE6,#E57F84,#2F5061
Warm Sunset,#FD7F20,#FC2E20,#FDB750,#010100
Facing Forward,#E5DDC8,#01949A,#004369,#DB1F48
Birth Spring,#BCA88E,#E3E8E9,#9DA993,#E4B4B4
Cupcake Delight,#EBE0D0,#EC9EC0,#FF0080,#A91B60
Pasture of Dreams,#D3B1C2,#C197D2,#211522,#613659
Luscious Lemonade,#F8EA8C,#A4E8E0,#4CD7D0,#E1C340
Forever Fields,#B7AC44,#DF362D,#FF8300,#FF4500
Foil-covered Sneakers,#90ADC6,#E9EAEC,#FAD02C,#333652
Petal Party,#F2C5E0,#D43790,#EC8FD0,#870A30
Green Lemons,#013A20,#478C5C,#BACC81,#CDD193
Speckled Eggs,#BFD7ED,#60A3D9,#0074B7,#003B73
Soft Focus Forest,#175873,#2B7C85,#87ACA3,#0C1446
Sea of Serenity,#04ECF0,#04D4F0,#6AF2F0,#059DC0
Rose Petals,#3B0404,#DEB3AD,#DE847B,#B95C50
Here at Home,#647C90,#E2DED0,#4E4F50,#746C70
Timeless Beauty,#DACAC4,#F7C9B6,#DBC39A,#DAE7DD
Skater Girl,#E56997,#BD97CB,#FBC740,#66D2D6
Strawberry Froth,#FABEC0,#F85C70,#F37970,#E43D40
Royal Elegant,#FBEDE0,#FDD1D2,#D4BBDD,#D0AB99
Secret Passageway,#32CD30,#2C5E1A,#1A4314,#B2D2A4
Trees in Bloom,#F9CCD3,#AA1945,#F1CED4,#391306
Bubblegum Sweetness,#0C6170,#37BEB0,#A4E5E0,#DBF5F0
Cool Cream Strawberry,#E7625F,#C85250,#F7BEC0,#E9EAE0
Painting with Pastels,#F2E6D6,#A0E0E4,#FCC0C5,#F582A8
Toasted Peach,#FBAA60,#FBC490,#F67B50,#A82810
Shopping Spree,#F9D030,#F62AA0,#B8EE30,#26DFD0
Melted Ice Cream,#5BB0BA,#C15B78,#EBF5F7,#F6C8CC
Pastel Meltaways,#FEE7E6,#ECFDF1,#F9EAC2,#FFD898
Gingerbread Ice Cream,#6F5B3E,#F9F6F0,#C4AE78,#171515
Ripe Harvest,#FF5C4D,#FF9636,#FFCD58,#DAD870
Backdoor Casual,#E98973,#E7D4C0,#88B2CC,#658EA9
Colored Coolers,#F6A21E,#E55B13,#104210,#7A871E
Mellow Barnyard,#E6C2BF,#F8EFE4,#FAD02C,#282120
Red Beanie Practise,#BA0F30,#2F2440,#C6B79B,#FF2511
Mountain Haze,#C3CEDA,#738FA7,#0C4160,#071330
Sugar and Spice,#B7C8C2,#ECA4B1,#E9DAC4,#CFB2B0
Modern Pastel Life,#F0E1DE,#F7C9B6,#549BAD,#83BDC0
Berry Blues,#05E0E9,#FF2768,#CFEED1,#4E1A3D
Fresh for Picking,#F7D6C0,#F4B9B8,#96AD90,#3A4A3D
Sun Ready,#FC8BC0,#FA53A0,#25C0C0,#F3BC50
Fresh Grapefruit,#ACEEF3,#FF7077,#FFE9E4,#FFB067
In the Blue,#C4DBE0,#2EB5E0,#00A8A8,#0C6980
Ice Infinity,#D9E4EC,#B7CFDC,#6AABD2,#385E72
Sunlit Eggplant,#EFD3B5,#5F093D,#B21368,#D67BA8
Wall Greens,#778A35,#D1E2C4,#EBEBE8,#31352E
Ramp It Up,#F3E1C0,#EBAAB0,#275070,#955670
Lake View,#54627B,#ECD5BB,#FFFFFF,#710117
Watermelon and Stripes,#D2FBA4,#F1C0B9,#88CA5E,#1D741B
Apple Shine,#FF8370,#00B1B0,#FEC84D,#E42256
Middle Eastern Empire,#922C40,#DC9750,#F3EAC0,#1E2640
Towering Over,#0000A3,#0067B3,#40B0DF,#FFD53D
Bubbly Banana,#15B5B0,#F9BDC0,#FBE698,#6DECE0
Coffee Run,#39918C,#D0B49F,#AB6B51,#2F435A
Pomegranate Crush,#DC4731,#FFF3D9,#B8390E,#3B0918
Diaphanous Jellyfish,#B4F5F0,#2CEEF0,#0476D0,#041F60
Purple Fabric,#BEAFC2,#695E93,#8155BA,#281C2D
Muted Overview,#535E4B,#C1C2AD,#B5A4A3,#E9E6E2
Dark Road Curve,#0A0708,#444444,#747474,#B1B1B1
Crack of Dawn,#001F3D,#045174,#D89C60,#E87A00
Stacked Cupcake Cups,#EAE6F0,#F7CAC9,#D68FB0,#BF3880
Soft Slippers,#B4AAA9,#FFF0DF,#F8FAFD,#F0C9B3
Northern Lights,#1A5653,#107869,#5CD85A,#08313A
Sweet and Nice,#C59894,#F0D1BF,#F7C9B6,#877785
Sweeter Love,#A58CB3,#838BC2,#EAE7FA,#D9A1A0
Sugar Rush,#FFB067,#FFED86,#A2DCE7,#F8CCDC
Blushing Landscape,#FFA384,#E88D72,#543855,#FF8882
Candy Hearts,#FEC8A7,#FCECA5,#B5EECB,#CBC7FC
One Fine Day,#533440,#A47786,#E4D4C8,#9DB6CC
Northern Lights 2,#1DC690,#278AB0,#1C4670,#EAEAE0
Smiling Roses,#E2808A,#F1CCD7,#2E765E,#638C80
Letters of Affection,#CB857C,#F6CBB7,#FAF7F4,#9C2D41
Meringues and Tea,#BBA78C,#EFEAE4,#F4C6D4,#F3DBB2
Shopaholic Babe,#FFC5D0,#FFFF00,#22CAE0,#F52EC0
Arts and Crafts,#D773A2,#07BB9C,#FFD743,#A06AB4
Way up North,#E8EEF1,#43B0F1,#057DCD,#1E3D58
Colorful Powder Cracks,#54086B,#FF0BAC,#00BEC5,#050833
Pulp Slices,#0A4158,#4B8378,#FF9636,#E4D7D0
Steel Cutlery,#99B0B0,#B5B2B0,#FCFAF0,#8A9EA0
Flowers Like Eyes,#C55FFC,#EFDCF9,#323E42,#7954A1
Bold Geometry,#0D698B,#F2F1E8,#050533,#E34234
Wild Orchid,#005437,#DEBAD6,#340744,#741AAC
Up Shore,#DEE2EC,#8C756A,#1AC8DB,#0292B7
Sunset Waters,#F6D4D2,#A16AE8,#4120A9,#A1A9FE
In a Trance,#FADCDC,#4D4C60,#D691A0,#C45F90
Plum and Gold,#D6C099,#D6CEC0,#8E8A92,#AE8781
Tea and Romance,#F9F1F0,#663635,#E1999F,#DEB3AD
Fresh Blankets,#774A62,#FBD2C9,#313E61,#81ABBC
Spike of Mint,#7CF3A0,#B4F8C8,#FF75D8,#FF45B5
Velvet Petals,#0E050F,#170B3B,#341948,#9388A2
Cool Berry Scoop,#FFA3B8,#F7D6D0,#FC3C80,#821D30
Pale Blossom,#98042D,#BF4C41,#FCC0C5,#E1E2E7
Always Look Up,#EAFBFF,#77DDF9,#FFA0A3,#7F8FA3
Heart of Coral,#F0CCB0,#B97D60,#F0A160,#F54D3D
Spread Your Wings,#31B4F2,#0000FF,#025492,#F8CF40
Floating Seaside,#E4F4F3,#A1DBF1,#71D5E4,#00B6BC
Rainbow Doughnuts,#FF5765,#FFDB15,#8A6FDF,#A8E10C
Morning Espresso,#5C4E4E,#988686,#D1D0D0,#000000
Power Up,#E9DDD4,#000000,#E9DDD4,#900020
Metal and Glass,#D01110,#0A0A00,#A8BBB0,#EBE8E0
Raspberry Cream,#AE388B,#5DF15D,#E983D8,#F9B4F6
Black Bird,#140005,#464033,#7E7C73,#BBC4C2
Freshly Picked Oranges,#ADA7A7,#D3D3CB,#D37506,#9F2B00
Chocolate Chip Delight,#4F0000,#D9CED6,#303437,#AE8B70
Robin Egg Frosting,#16796F,#7CB7AF,#CADEDF,#9CA89E
Lava Sky,#E95670,#B34270,#713770,#432F70
Piece of Cake,#F7E3D9,#F9C7E4,#C6D8D5,#FEEDCF
Rabbit in Grass,#65463E,#AAD6A0,#DCBAA9,#D2E5D0
Midnight Waters,#BDC6D9,#52688F,#E3E7F1,#7391C8
Trees During Fall,#DBA40E,#4B5A20,#787D12,#7E6E13
Cotton Knits,#F3ECDA,#C4AC95,#94553D,#FFCBA4
Bamboo Beach,#FBF6F3,#FEB06A,#36D6E7,#5D6C89
Handpainted Sky,#5D59AF,#A072BE,#BE81B6,#E390C8
Milky Stream,#988780,#FFFFFF,#13292A,#E7DED9
Vintage Pastels,#FEEFDE,#DAE3E6,#DFDACD,#6E6D6E
Floaty Pool Fun,#F9B8B1,#F84791,#57DBD8,#25388E
Bare Beauty,#1F3541,#5289B5,#AFD8F2,#EDF2F3
Beautiful Abstraction,#0000FF,#4B7BF5,#79A9F5,#C2E2F5
Fur Strands,#FBC0C0,#FB6C90,#FB8DA0,#FB5490
Zesty Macaroons,#C5E5A5,#98B66E,#F9D876,#FBE39D
Ocean Threads,#2B4560,#E1E7E0,#6AA4B0,#2F6D80
Stairs and Mirrors,#FFFFF5,#F9F9FB,#FDF4E3,#B59F84
Sweet Frost Lips,#FBE7E0,#F9E4D0,#ECC0B0,#9C3940
Macaron de Paris,#B7A1A6,#C1C2AD,#EFD593,#EDC1BB
Tent Light Reflection,#A1AFA0,#F7EDD0,#970C10,#947360
Lemon Water,#8AE2E0,#F6C324,#3AA3A0,#F7D330
Salmon for Brunch,#F6A970,#F0DAC0,#EE7840,#5C5F30
Candy-frosted Doughnuts,#94DFE6,#EBDCC7,#B5EECB,#FCB9B5
Beach Bound,#FBE5C0,#F88379,#D0E6F0,#4C5D70
The Best Summer,#F8E5E6,#AAF1F5,#51B9CD,#3A5673
Ivy Swipe,#5E376D,#BD97CB,#F3EAC0,#747080
Inner Glow,#FBB80F,#FBEE0F,#C598AF,#7F4AA4
Deep Merlot,#F3E3E2,#74112F,#0C0C1E,#1B2E3C
Athleisure Style,#07DAC0,#171810,#D6DFE0,#CE2380
Peaceful Cottage Path,#E3E8F0,#82807F,#414754,#E5D7BE
Neon Pop,#F9F940,#F50CA0,#43DDE2,#EAC5B0
Style and Grace,#000000,#F41F4E,#FBFBFB,#FFC2C7
Thirst Quencher,#FEDE00,#B4F8C8,#6AB8EE,#A8D9F8
Cherry Blossom Dance,#BA8D80,#F0D9D0,#DFA8A3,#E2B080
Space for Everything,#EAEAEA,#BC9476,#ACBAAD,#C7A19B
Classic Travel,#AC8E60,#E9DAC4,#749EB2,#BD8E83
Burst of Sunshine,#F86F15,#FAC218,#DEB3AD,#F51663
Secret Romance,#EBE7D0,#D3A550,#121110,#D01110
Marshmallows in Tea,#C5E3F2,#A8CEE9,#EED6D3,#E29CB4
Cotton Dandelions,#013A20,#D4D6CF,#536F16,#3F4122
Garden Blur,#4C3D40,#BDB5C0,#C8B4D0,#F6EEF0
Fancy Cycle,#9A76A5,#B19FF9,#C89DD8,#E6DED3
#E6DED3,#151B25,#034687,#DBE8E1,#E10032
A Colorful Summer,#FED43F,#2BB8B3,#E151AF,#BED7D8
Fondant Art,#51A7AD,#F1EDE3,#F7A7BF,#DCD2D8
Strong and Curved,#006884,#053D57,#F2F1EF,#97BCC7
Autumn Crush,#E1A140,#532200,#EFCFA0,#914110
Soft as Feathers,#E1ECF0,#54A2D2,#A9CEE8,#003A64
Hot Concrete,#47484A,#D49796,#DCAE96,#DBCAC0
Succulent Garden,#00E091,#00735C,#C1D9B7,#E5A298
Denim Delight,#B0D2DA,#CAB29F,#7DA1BF,#2F4A60
A Royal Bouquet,#420264,#5C038C,#1B1734,#896FBC
Cutout Paper Heart,#FF6584,#ABE8E6,#F0D7D9,#41B5AF
Coffee and Macarons,#79808A,#F1E6C8,#DCDCD0,#D3BAB1
Nineties Grunge,#00478F,#FF5D00,#2A231F,#D8E1E7
Country Skyline,#1966B0,#73D9F0,#F7B301,#EB773E
Sea Breeze,#57DDF3,#14C2DD,#A1F7A1,#C7F954
Sun-kissed Orchids,#27231F,#DE0001,#C8651B,#FEDA15
Seastorm Gloom,#333F63,#715C8C,#D7D4DD,#838BC2
Desert Blush,#F1ECE4,#CB7666,#A93D49,#EAB996
Surf's Up,#D3F4FB,#9DE3F6,#59D7EE,#53DFD1
Peacock Wings,#1C9B8E,#0F1E64,#53DFD1,#50655B
Ube Delight,#6E3562,#DFB160,#34586E,#D18D96
Pomegranate on Print,#07040A,#AB0552,#B175FF,#EFEBE2
Sun-kissed Rock,#FFE0AE,#F5631A,#A2ABCE,#FFA303
Daywear Eyeshadow,#F9F1F0,#DEB3AD,#A0877D,#25232B
Door of Fortune,#92794F,#DDCAB2,#C3B090,#F1ECE4
Buddhist Monk,#FBDD00,#E9A200,#B32800,#7F0000
Berry Jar,#C8F4F9,#7FE5F0,#513B41,#F83839
Bird of Prey,#FFDB15,#020301,#B5A197,#F3F5F9
Midnight Moon,#B1D4E0,#AFC1D0,#1C3F60,#0B1320
Cherry Blossom Swirl,#391306,#F1CED4,#710019,#F9CCD3
Lift Me Up,#ABEA7C,#F2E34C,#B2D7DA,#E151AF
Stepping Stones,#E4E5E8,#53565A,#4D0011,#4B443C
Deep Introspection,#6C6A61,#EDE4E3,#6C6A61,#C0C0C0
Forever Begins,#3B707D,#FFB85D,#FF5412,#030A04
Bonfire Glow,#970C10,#BFCAD0,#474440,#738580
Berry Tart Pie,#F4F2EB,#E4021B,#FFDB15,#3F5E98
Lucky Lime,#8FA01F,#1D741B,#8BCD50,#DED93E
Peach Party,#190204,#FF8976,#CB4E47,#FFCBA4
One Cool Ride,#16796F,#ADC9C5,#6CB0A8,#10564F
Teenage Pop,#71E7E0,#FF8BDA,#43A9DD,#F12E90
Lucid Lemonade,#00E2D3,#37A6A0,#90CDD0,#FFFEA8
Melon and Mint,#93E9BE,#F4B18C,#EBEEF1,#3B9778
Tasting Rainbows,#01DEE6,#FF66E9,#FF5412,#FBF608
Perfect Tan,#F2D6C0,#E5B990,#D79B70,#FDDBD8
Pleated Drapes,#00EAD9,#00C4B0,#138B83,#345351
California Citrus,#BDF0D6,#FFD294,#F7EBDB,#F3A089
Glow in the Dark,#A2C4E0,#F7CB2D,#52688F,#82A4E3
Bakery Bouquet,#EDD0C0,#C8626D,#B3C0AE,#BC8880
Citrus Slices,#016367,#9E3A14,#E66912,#0B1C48
Dark Metal,#0B0909,#44444C,#8C8C8C,#D6D6D6
Yarn Fuzz,#D95980,#63AAC0,#F99B45,#284E60
Grey Horizon,#F2F1F0,#C0C9CC,#A39D92,#636059
Pastel Heroine,#F09CA2,#B2C4CB,#999DA0,#F3F3E7
Waiting on Wind,#F0F7E0,#D3BBDD,#BC96CA,#95BA61
Picked Pineapple,#D9C1BB,#9AB19A,#52584D,#090A0E
To The Sky,#F7D4E0,#FD7AC0,#7AD7F0,#44C8E0
Reap and Sow,#E6B794,#B8DDD6,#E0EBE5,#AD9787
Young Navigator,#0B1C48,#ECD5BB,#FFFFFF,#710117
Bottle of Milk,#F4F7F0,#BFD2D0,#368980,#62CCC0
Pop of Balloons,#F0E5D0,#EECAC9,#FA3980,#F90067
Fruit Punch,#928D89,#FF8882,#FFA384,#E4E69B
Vintage Village,#7C9CAB,#E8CBB1,#FEECC3,#333A44
Touch of Rose,#FAA590,#B43930,#FBE5E0,#F28A80
Summer Color Pops,#F1E488,#01B9CC,#F3B9DF,#D3E9E7
Sunset Sightings,#F9E9D0,#DB8780,#A30052,#26161F
Fluorescent Fruit,#FFCE13,#88070B,#F65156,#009292
Fall Foliage Trip,#DC7726,#DDC077,#57896A,#4A545D
Rustic Project,#745D20,#CEA660,#F3EDE0,#6B7A40
Purple Floral Sunset,#A16AE8,#B19FF9,#0E3506,#FEA303
Blossom of Porcelain,#00E0D4,#EAEFF2,#FF4500,#EAEFF2
Peach Kiss,#FACB80,#FBD8B0,#F69770,#B52B40
Calming Serenity,#DCDBD8,#D1A58A,#5C97B8,#183A53
Petal Crush,#BFD7ED,#60A3D9,#0074B7,#003B73
Early Departure,#9CA0A1,#D7D4CC,#A7C0BE,#4D6772
Daily Cafe Ritual,#523A28,#228280,#BF6336,#EDF1F2
Glass of Freshness,#89BE63,#AFCCA9,#CFEDEE,#ECF9F2
Easter Cookie Basket,#5E376D,#F7E951,#D4BBDD,#F6E6E8
Makeshift Slumber,#050606,#FDFDFD,#D8D7D5,#ADB3BC
Seafoam Shimmer,#15998E,#45B08C,#48BCD1,#C0DCEC
Natural Collection,#1E1514,#FFFFFF,#ECD5BB,#013A20
Jewel-toned Sea,#FCA7A5,#5A3E79,#130329,#A76286
At the Brim,#A5CFE3,#00221C,#028476,#E7F6FC
Morning Duck Eggs,#F2E4CF,#D09064,#A96036,#DBC4AF
Summit Glow,#FBB574,#E88D72,#543855,#FF8882
Sandy Beach Path,#D6DDE0,#446FA0,#223C60,#51555B
Easter Soft,#D1A179,#F1E6D4,#C1C2AD,#CBE1DF
Vintage Camera,#715B5B,#A47C7A,#D6C5C4,#0F1110
San Francisco Fog,#4C5355,#C44B4F,#607D86,#CBCDCB
Pop Princess,#9FD9D0,#F7C9C0,#F34C50,#3AA7A0
Majestic Mountain,#1B2A37,#DCC5C3,#D6E1EB,#ADC4D7
Flaming Flower,#FFE0AE,#FF4500,#6C8255,#FFA303
Easter Quirks,#FCD699,#DDC9D8,#F6C8CC,#F09CA2
Muted Succulents,#A9BCB0,#E88670,#384960,#4C7D60
Swiftness of Water,#CCE0D2,#61C2A2,#2C8395,#1D617A
Market Tourist,#ADD3D0,#970C10,#153250,#FEFCFF
Natural Timbers Kitchen Baking,#F0D8B8,#634F40,#F3F0E9,#E6B794
Flash and Rave,#F248B6,#14527C,#080B39,#69124A
Ballet Dreams,#EEE7E0,#725450,#C6AD90,#F7CAC9
Easter Egg Hunt,#ECF87F,#E4A58F,#97D49B,#A6E2DC
Plaid Pair,#314E70,#35D5D0,#EDAEC0,#EBEEE0
Nutty Strawberry Popsicle,#F36870,#E8DAC0,#FFB7B0,#A9C5D0
Candy Color Pop,#A6DFEB,#FC979D,#F8CD4F,#FB4A9B
Morning Dew,#31ED31,#10BC10,#11A7BB,#2AB67B
Cloud City,#3A6A59,#A7A88A,#D6C18A,#B9C8BC
Brilliant Bokeh,#FFB001,#44EE77,#019992,#FB475E
Halved Lemons,#F7DD80,#8AE2E0,#F7D330,#3AA3A0
Artisan Dream,#0B1F65,#E8E3CC,#D7A449,#DB3F29
Pastel Appeal,#F7D8D9,#A1DBE5,#FFD8C0,#00B7AF
Ocean Depth,#067593,#055772,#09A9C8,#001F3D
Blue Headlights,#061E47,#68A4F1,#2B6AD0,#1F4591
Bohemian Brick,#F0EDE0,#433F30,#970C10,#918E80
Sip of Orange,#B4F8C8,#FBC858,#FF8210,#565819
Bittersweet Blues,#D3D2C7,#5B89AE,#ADC4D7,#CB8E66
Curving into Water,#08392B,#578E87,#F7E2C7,#29660C
Benches in Fall,#F5631A,#FEEBA0,#D41E00,#481D01
Pick Up Sticks,#A9B7C2,#D0B49F,#4A6F89,#EECE88
Center of Life,#F8A8C5,#FBD160,#EB63A0,#E44650
Drink Life In,#E2D9CA,#4A94A8,#2B293C,#6A4973
High and Bright,#FBBC54,#F8DCB0,#FC5E70,#F2B190
Secret Spring,#8C9B88,#F5E8DA,#735E93,#EFF1EF
Pop the Bubbles,#04F9F2,#0091E7,#005BEA,#0000FF
Shades of Contrast,#B5F2EE,#FF7930,#00E0EA,#F9F1E0
Alluring Shadows,#3D393B,#7E1E80,#9505E3,#B637FB
Ribbon Around Rosettes,#DEB3AD,#EB7C8F,#DC5D85,#DFD1C5
Monochromatic Party,#040000,#F6C7A5,#F2D0C1,#F7F8F8
Sweet Lilac Cake,#A58CB3,#A16AE8,#EAE7FA,#D9A1A0
Soft Pastel Evening,#D0DEE5,#E89394,#F6F1E7,#988E92
Pastel Popsicles,#FCDCA9,#ECC4B3,#B8D0DD,#669DBA
Secret Keeper,#FC4DB0,#F9E830,#221530,#F52870
Pensive Mood,#E5E8E8,#8D9797,#4E545C,#000401
Breakfast Coffee Spread,#6B1B00,#AE8B70,#F9FEFB,#56382D
Still Growing,#719F1E,#4A7212,#D5CE58,#104210
Survived Tide,#9DBED1,#14829F,#D8E3EC,#004F76
Brights and Specs,#21C5C4,#F9E950,#FF94B2,#C14F60
Frozen Berries,#B0B7C0,#171710,#707370,#595E60
February Sky,#F6D4D2,#EDD1FA,#9FA8EB,#4120A9
Unicorn Trail,#E6694C,#FF8D80,#F9C8B0,#68E7E0
Vanilla-frosted Cupcake,#E4F4F3,#A1DBF1,#71D5E4,#00B6BC
Mod Interiors,#73436D,#E5E6E9,#B67C9A,#1F252F
Path at Dusk,#A2C4E0,#F7CB2D,#0D659D,#1390E0
Quiet Beauty,#F1BECA,#B95C50,#CD7E7F,#F3E4E2
Soft Punk,#FBDCC0,#DDAFB0,#8F6980,#1C2520
Lemon Fresh,#FFCE66,#F9AB40,#A9E5D5,#44455B
Sliver of Silver,#E5DACE,#BCBEC0,#5C5350,#3C3630
Lavender Horizon,#603F8B,#B9A7BB,#323B36,#616C59
Candy Corn Craze,#FDD264,#FFC680,#F56B39,#670305
New Beginnings,#EDE7D0,#FDCD93,#034F39,#549369
Earth Hands,#4F3750,#CB9870,#8D8960,#AAA1A0
Summer Flair,#2FF3E0,#FF8000,#E09D60,#1F3960
Antique Rose,#9F90CF,#0461B1,#B1365B,#E9D8E1
Coffee and Berries,#6B3A2C,#C9B1C6,#3B0918,#C9B1C6
Bubble Pop Frosting,#E78484,#FCA4A2,#47D3CE,#C8F4F9
Crystal Feline,#63747A,#C0C2C9,#123175,#5298C1
Cheerful Sands,#29B3FF,#81EAFF,#FBC00E,#FFD774
Mountain Lake,#29660C,#F7E2C7,#578E87,#1C4508
Assorted Sweets,#F8D7A8,#EF9771,#DDDDA4,#7B583D
Turquoise Sky,#C8F4F9,#1592B4,#E0A030,#A06204
Mountains at Dusk,#E08955,#0048A4,#E35A01,#689AB8
Sweet Orchid,#A3C14A,#6D8343,#D103D1,#6E3562
Hawaiian Blossom,#FF0F39,#FEDA15,#7E9DC2,#F8F8F8
Tiny Ripples,#10564F,#21B6A8,#30D9C8,#75E6DA
Sting has Sprung,#A92420,#D1913E,#0E3160,#135390
Starting Blossom,#F2DAD0,#ECB4B9,#EA85C7,#899A89
Egg Carton,#D8CEE6,#72435C,#B4F8C8,#424651
Sliver of Nature,#627E8B,#D2CCCC,#EAEDF0,#184B29
Eighties Skater Girl,#E9679B,#F8CD4F,#B9A3D1,#6EE0E0
Scented Soap,#FFFFFF,#E9D8E1,#E5CEF6,#B655C8
Calm Perspective,#FCF8F6,#00BBD1,#00E0EA,#96A1A8
Chocolate Pastries,#F0E7E4,#131919,#634F40,#B49A87
Basking the Ambience,#FAFBF4,#00A0F3,#0000FF,#000066
Fall Fashion,#F3CC3C,#D19A30,#7D3F20,#000000
Sun Drenched Blooms,#FBDC6A,#B12B24,#760504,#090A0E
Winter Sport,#ECF1F2,#7F7F7F,#F4D800,#050707
Mermaid Fin,#65DFF6,#00478F,#1A83CC,#CBEBF5
Terracotta Workshop,#BBC0B6,#D58469,#F0EDE4,#435861
Northern Lights 3,#088280,#063340,#008000,#04D010
Blossom Rows,#3C4C70,#DCA1B0,#EDEEF1,#9168A0
Lead the Way,#2B6670,#637E90,#77A7B0,#E5F2F0
Winter Warmth,#970C10,#EFF4F0,#384640,#244C60
Green Tracks,#1E3148,#9E6F6D,#E6D7D5,#43B14B
Ode to Sea,#0074DD,#9BCCFD,#36D6E7,#81599F
Autumn's Here,#F76201,#FEEBA0,#D41E00,#672901
Spring Contrast,#104210,#6A8820,#D3C02F,#F2E437
October Skies,#9271C2,#2D1674,#FFF2FF,#703ACF
Quill and Carton,#E3E6E0,#252930,#C0B3A0,#6B8490
Lost in Leaves,#2B4310,#4E7130,#C9B590,#95B250
Hand in Hand,#B83330,#CBD7D0,#F3EDE0,#D5B690
Shake Your Feathers,#043BB1,#1E8AD3,#10BC10,#1D3537
Bubblegum Popstar,#FDF2E7,#FEE900,#04D3BC,#FECCC8
Sweet Succulents,#D0B49F,#C0D39A,#4F5F2C,#2A291C
Xylem Drops,#016236,#02894B,#06040A,#BED3AB
Nature Tunes,#E9DAC4,#39221F,#EF813E,#5E6826
Perfect Contrasts,#0000A3,#004197,#7F3E71,#DF265E
Plum Tulips,#3F6D3C,#F7BBDB,#FF0BAC,#7B163E
Hot Air Weekend,#2B18A3,#F353D5,#E9D8E1,#88C9FA
Sweater Weather,#3B2244,#105160,#2D7670,#CD966B
Freeze this Moment,#003366,#71B1C5,#CBE6EF,#F0F2F3
Plum Kisses,#7A0051,#D3B1C2,#240831,#E44B7D
School of Fish,#CDD3D0,#87B1B0,#386E90,#344A70
Gentle Petals,#FDF2ED,#F7C9B6,#F1A17E,#A53E12
Warm and Melted,#E36920,#EFA710,#E8D4C0,#DCAD90
Meeting the Sun,#F09360,#F62280,#FB8FC0,#F9BF50
Electric Neon Plate,#738A76,#65FC6A,#FF0BAC,#E4F995
Crimson and Blues,#FF2768,#A3A3B7,#1B4A56,#F2EEF7
Caught by Summer,#3B2244,#A06AB4,#E845AE,#EBA408
Hint of Rose,#8F4553,#F4F3F1,#E6E5E3,#E2ACB9
Party Time Sprinkles,#64D5DD,#57A5B8,#F68181,#A94A5F
Sky Reflections,#BAD3E4,#1E77BD,#10564F,#04345C
Snowed In,#ECF1F2,#53565A,#F4D800,#050707
Evening Calm,#001F3D,#151983,#1863D6,#B6CBE1
Party for One,#FEFAE5,#D4C5B6,#C4CEC5,#6E726E
Neutral Seaside Wedding,#686A4E,#CFCDC2,#977557,#757573
Wear Your Confidence,#1B2E3C,#0C0C1E,#4D0011,#F3E3E2
Vandal Pigment,#256C70,#BF0D70,#F054B0,#E0E9D0
Classic Gentleman,#325980,#D4C2B0,#202E50,#777180
Attention to Details,#EEDEE0,#F87DB0,#EF5C90,#BC2D40
Citrus Treats,#787D12,#567C09,#BCC41C,#EBF094
Autumn Skyline,#DC7726,#ECC046,#F5F7ED,#42C0D2
Sunlit Day Out,#DDDBDB,#EEA5A6,#9E968E,#FBC99C
College Daze,#FFBF90,#F36870,#CED6CA,#FFF5D7
Pops of Blush,#EA3160,#142B70,#E99EB0,#4652A0
Memory Box,#6D3D38,#E9DAC4,#E0AC8E,#514843
Sweet Toppings,#13C3F7,#FF2768,#E9E9E7,#FFF387
Grained Memories,#040A18,#0B1C47,#F5F5E9,#873F49
Perfect Beach Vistas,#008FDE,#A4D8FB,#38CCED,#9571AB
Take a Break,#654E30,#527640,#212510,#1A3315
Fog Over Water,#23424A,#65A9A6,#ECECEB,#3B707D
Calming View,#D5D5C0,#4DDDE0,#31CCE0,#1DB3C0
On Thick Ice,#E3EFF9,#AACDE5,#6CC4DC,#3F92B7
Coffee Craving,#DFD6D1,#1F232C,#FFFFFF,#83746E
Sky Balloons,#1848A0,#47D8E0,#59CEE0,#2692D0
Pinch of Lime,#F8FFCA,#B6D084,#FFCB32,#2F7604
Carnation Petals,#F7CBCA,#EC6964,#F18370,#721816
Floral Dazzle,#C9D9F0,#8155BA,#FEC437,#FE5BD6
Fall Fire,#F1D26C,#2B1200,#CF5C00,#8D1E00
Waterside Retro,#130170,#CDF4DC,#01949A,#CD0046
Painting with Light,#000C20,#EF3340,#F1B420,#FFFAE0
Paper Cities,#201A1E,#D0B49F,#E4D4C8,#E2E6E7
Neon Bikini,#7268B0,#DC8CB0,#2DD220,#E721A0
Head-to-toe Flush,#F5D5E4,#E66579,#FCC0C5,#F7E7CE
Four-layered Cake,#BF8422,#361B28,#BC9C22,#B6CCD7
Dazzling Style,#E928A0,#271140,#3CBED0,#E6D350
Squishy Toes,#E8C6AE,#D4C7AF,#BDB8B6,#807672
Winter Overture,#00264C,#36454F,#A3ABB0,#D4D0D0
Sweet Crowning Glory,#222C45,#9EBFCF,#8E7B96,#EED6D3
Wild Cherry Blossom,#9782AD,#F05B06,#F3B9DF,#9D1B6F
Oven-baked Chocolate Chip,#C3A57C,#C1937D,#C1B199,#DED8CD
Summer Cocktails,#65D4EE,#9DE89C,#FAC12F,#CFE9EF
Close of Day,#203946,#778D99,#C6AE96,#FF9936
The Ripe Time,#EBE99E,#8BCA67,#F9D976,#055816
Creative Cupcakes,#FD7924,#57A5B8,#E21B32,#ECEF5B
Tropical Sweetheart,#DCA7A0,#165C40,#E17A82,#8CC7C0
Bright and Bold,#5BDCE1,#E73BA5,#F4975B,#F9D8CE
Finally Opened Up,#590C69,#4A0D4A,#D19FC6,#398FC7
Chill Dawn,#5B5C50,#1B1E1E,#C2AD90,#E4DCC0
Neon Glam Madam,#4C3260,#E43480,#EAD4C0,#F43AB0
Melted Chocolate,#252827,#FFFEE6,#291211,#F8CF2C
Sliced Citrus,#E35A01,#4C7C71,#2E4769,#1F262E
Cheer Me Up,#4E514E,#988C80,#E0A39F,#F9EBE1
Candy Skyline,#DCF2F0,#FFE65B,#FAD7F3,#66B8C9
Hot Chili Peppers,#686361,#E32227,#1A7CFA,#0070E0
Before Nightfall,#8EB7CE,#54627B,#A2BEEF,#FBB2A3
Autumn Squash,#B14100,#E39E30,#8A5920,#8FAE70
Empty Auditorium Seats,#1E1200,#8B8060,#FDFFF0,#970C10
Ice Cold Rosé,#EFEAE0,#E98FC0,#9E8F90,#CD6090
Warm Shadows,#603840,#BD8990,#9F94A0,#B7D0E0
Morning Dew,#028476,#015D53,#030303,#6ECB5A
Communing with Nature,#E4D7CF,#8A3240,#617969,#98705D
Birthday Cake,#FBDFA0,#FFC2C7,#5DD9FB,#BBD5D2
Feminine Bow Tie,#874A5B,#232425,#E3CDBC,#AFB2AE
Nightfall Ambiance,#003D7A,#051537,#04247C,#0458AB
Wealth of Nuts,#A4AA83,#D8DDB8,#4C411A,#F3EED9
Pastel Vacation,#FDBFAF,#FCEE96,#7EB6D7,#4D5264
Lit by Candles,#474241,#CDA67A,#A7A88A,#D0CCB9
Mulberry Smoke,#2B192E,#F5E8DA,#50006C,#CE8CA5
Cuddle Weather,#383940,#A98AB0,#F1F1F0,#ADA9AD
Tulip Meadow,#FAD02C,#E12A2A,#469A49,#192A29
Rosy Lavender,#B80454,#1D190A,#B175FF,#DCBCD0
Sun and Sand,#FFFFFF,#F7E7CE,#A2A3AA,#AA9C92
Bright Northern Lights,#117660,#09323B,#04B16F,#14E114
Summer Soft,#B46490,#E3D9E0,#F1ECD0,#634F50
Midnight Swim,#08153A,#0B1F65,#2535D9,#C08D2C
Dessert Deluxe,#EDE5E1,#95675B,#C6A590,#D4AC74
Retro Road Trip,#7A403E,#9F2B00,#F89700,#D8CD9D
Dusty Rose,#592F2D,#402220,#B5605C,#EEB4A4
Morning Ritual,#A9BA88,#D9C6BF,#F6F0E7,#6D6F73
Vanilla Amandine,#7A3E26,#CF6856,#F7E7CE,#FFFFFF
New Wave,#E80000,#1E73BE,#C850B0,#660A60
Pure Olive Oil,#DDB040,#D1B780,#E3E5E0,#464239
Captivating Cupcake,#E6BDCC,#ECEADB,#A3768B,#DEBAD6
Springtime Sports,#E5E1D9,#DAA7A2,#A7A88A,#37391E
Evening Stroll,#A2C4E0,#F7CB2D,#071330,#122E76
Bunch of Blueberries,#192740,#4B6D90,#85AED0,#B8D1E0
Sugar Rosettes,#FFBBCA,#ECFDF1,#B4F8C8,#EFEDC6
Morning Breeze,#9DCED0,#A98AB0,#F0F1CF,#8EA350
Violet Ice Cream,#287686,#DFD1A9,#C79FA7,#603F8B
Concert Lights,#40B5F0,#2144C0,#142270,#030303
Desert Blooms,#343920,#F8F9F7,#71743A,#D5BA90
Deeper Waves,#00BFD6,#CADFD9,#8BD1E4,#00B5A2
Popping Colors,#07D2BE,#F24E70,#B4F8C8,#0F1300
Waiting Seagull,#74B2D0,#FFF593,#F36870,#FAFAF0
Splash Up Shore,#3E4B59,#87939E,#FD9096,#D6F7F8
Comfort Coffee Cup,#806460,#D4CBC0,#A1AEA0,#704F70
Carnival of Feathers,#E2B327,#4693B8,#0B1F65,#E1D9D1
Tinted Glass,#D6E2E8,#91C1D8,#0070AC,#003371
Juicy Slices,#FFDA77,#F1AFC0,#0696B0,#D83471
All Star Classic,#4B443C,#4D0011,#232425,#E4E5E8
Tropical Sunset Paradise,#F1B416,#E56A19,#000000,#900000
Sailor's Delight,#000000,#3A4968,#FF4500,#0087CA
Ocean Meets Sky,#98D7C2,#A1A3A5,#05ABC4,#0490AE
Shoot for the Stars,#DD819C,#3B1F52,#1E142B,#A05987
Curve of Water,#04425B,#BBCBBE,#16796F,#10564F
Succulent Garden,#04DC77,#016236,#B6D2A5,#D89384
Tidal Wave,#CFE0EA,#01949A,#578384,#016367
Lily Leap,#40C69F,#2E765E,#D62B83,#05234C
Relaxed Retro,#CCA78A,#EEEEEE,#DCB4B1,#BDF0D6
Candy Style,#5558D8,#D4BBDD,#FBD3DA,#8ADFE3
Breakfast Mocha,#F3E5C3,#D3A771,#CFC0AE,#694532
Fresh Succulent,#13292A,#91CABE,#499FA4,#B5DFD6
Rich Farm Picks,#9ABA12,#37520B,#DEE64C,#66930C
Pine View,#606462,#EDF0EE,#00735C,#00493A
Blush of Trees,#E5A298,#C1D9B7,#2C7721,#00E091
Buildings in Winter,#BED1DF,#546E81,#001F3D,#9CB9CC
Firey Cracked Earth,#499FA4,#A9582B,#BA9973,#EDDF9C
Lilac Shimmer,#3E004A,#ADE292,#4120A9,#7800A2
Marbled Blue Easter Eggs,#ADC8D2,#9F9C93,#54627B,#F4F4F6
Steadfast Stainless,#091235,#14202E,#2B4257,#88A9C3
Wheat in Wind,#C98169,#E0EBE5,#B8DDD6,#E6B794
Chocolate Mousse,#65463E,#B99A87,#C9BEB1,#EBEBE5
Very Berry,#9D5060,#E7DFE0,#376380,#2D1F30
Love and Macarons,#490E08,#F1A17E,#F7C9B6,#F7DC6F
Winter Musings,#676E7F,#0F0D12,#F9F6F0,#B6737C
Pastel Bike,#475250,#9589A9,#B5EECB,#F8A2A8
Much Needed Break,#42C3F7,#00A5E9,#003A6B,#E7EDEB
Papery Blossom,#CDCBAF,#5F6510,#723056,#B67C9A
Stretch of Sand,#5CCCCB,#F6F0E7,#1C799E,#908984
Jungle Vibe,#2B8E8E,#73B03A,#5CD85A,#278ED5
Surprising Images,#EED6D3,#69C9BC,#F7BCA5,#F7837C
Wrap Around Style,#0F7D80,#E2BAB0,#FF96B7,#5FD3C8
Endless Cubes,#34DED0,#94FAF0,#3AF7F0,#31D1D0
Fog and Waterfall,#756457,#3B3C38,#D5BBA9,#F1ECE4
San Francisco Mornings,#738580,#3E3E3E,#BFCAD0,#970C10